DELETE FROM Product;
DELETE FROM OrderGroup;
DELETE FROM OrderItem;

INSERT INTO Product VALUES
   ('3926d0ad-5638-4ed1-b16a-b09197ddcc10', 'まぐろ', 10, 1)
  ,('1d8bcd93-2b9c-4225-a525-8f750d4c444c', 'サーモン', 10, 1)
  ,('7e570f08-65bd-4b1f-be75-3d977d818023', 'いくら', 10, 1)
;

INSERT INTO OrderGroup VALUES
   ('fb7b5638-90e7-4928-83fe-15efe8c7b3e4', 21, 3, 1)
  ,('596d3c6b-1817-4895-bee6-0190b012c857', 21, 1, 1)
  ,('e5b2b769-8bdb-421c-b887-dd7c5e207d1a', 20, 1, 1)
;

INSERT INTO OrderItem VALUES
   ('a3411cc0-149d-4e86-b5cc-291d06c049be', 'fb7b5638-90e7-4928-83fe-15efe8c7b3e4', '3926d0ad-5638-4ed1-b16a-b09197ddcc10', 1, '2016-12-01 18:00:00', 1)
  ,('8e041c88-7bf6-4b79-8387-2e3ea01bd5fe', 'fb7b5638-90e7-4928-83fe-15efe8c7b3e4', '3926d0ad-5638-4ed1-b16a-b09197ddcc10', 1, '2016-12-01 18:10:00', 2)
  ,('83165a3c-6148-4060-8931-02237393f1ae', 'fb7b5638-90e7-4928-83fe-15efe8c7b3e4', '3926d0ad-5638-4ed1-b16a-b09197ddcc10', 1, '2016-12-01 18:20:00', 1)
  ,('2f52880b-7b2e-46b8-8bf3-be81465662e4', '596d3c6b-1817-4895-bee6-0190b012c857', '3926d0ad-5638-4ed1-b16a-b09197ddcc10', 4, '2016-12-01 18:30:00', 1)
  ,('9f817dd1-81fb-4abc-8877-ae991ca2e539', '596d3c6b-1817-4895-bee6-0190b012c857', '1d8bcd93-2b9c-4225-a525-8f750d4c444c', 3, '2016-12-01 18:40:00', 2)
  ,('1e2781f2-ae0a-4919-b69b-77b53d2bc898', '596d3c6b-1817-4895-bee6-0190b012c857', '7e570f08-65bd-4b1f-be75-3d977d818023', 2, '2016-12-01 18:50:00', 1)
  ,('2a849d91-f6f8-487a-ab31-1010cf8cf928', '596d3c6b-1817-4895-bee6-0190b012c857', '3926d0ad-5638-4ed1-b16a-b09197ddcc10', 1, '2016-12-01 19:00:00', 1)
  ,('c709011a-b56f-485a-8c79-b32f71e7ca38', 'e5b2b769-8bdb-421c-b887-dd7c5e207d1a', '3926d0ad-5638-4ed1-b16a-b09197ddcc10', 1, '2016-12-01 19:10:00', 1)
;
